,Unnamed: 0,Unnamed: 0.1,Date,season,h_team,a_team,elo1_pre,elo2_pre,elo_prob1,elo_prob2,h_final,a_final,Team,1st,2nd,3rd,4th,ML,h_1st,h_2nd,h_3rd,h_4th,h_ML,total,h_spread,winner,ranker,lead_changes,w_l,h_Home_Scorerol,h_Away_Scorerol,h_fgarol,h_fg_pctrol,h_fg2arol,h_fg2_pctrol,h_fg3arol,h_fg3_pctrol,h_ftarol,h_ft_pctrol,h_opp_fgarol,h_opp_fg_pctrol,h_opp_fg2arol,h_opp_fg2_pctrol,h_opp_fg3arol,h_opp_fg3_pctrol,h_opp_ftarol,h_opp_ft_pctrol,Unnamed: 0,Date,season,h_team,a_team,elo1_pre,elo2_pre,elo_prob1,elo_prob2,h_final,a_final,Team,1st,2nd,3rd,4th,ML,h_1st,h_2nd,h_3rd,h_4th,h_ML,total,h_spread,winner,ranker,lead_changes,w_l,Home_Scorerol,Away_Scorerol,fgarol,fg_pctrol,fg2arol,fg2_pctrol,fg3arol,fg3_pctrol,ftarol,ft_pctrol,opp_fgarol,opp_fg_pctrol,opp_fg2arol,opp_fg2_pctrol,opp_fg3arol,opp_fg3_pctrol,opp_ftarol,opp_ft_pctrol
1239,1239,1239,2018414,2018,GSW,SAS,1577.964814,1580.171433,0.63713344,0.36286656,113,92,SanAntonio,17,24,22,29,300,28,29,29,27,-400,205.5,-8,H,5167,0,W ,103.5,104.375,85.75,0.48375,61.875,0.50525,23.875,0.42875,13.125,0.800625,84.875,0.476125,58.375,0.508875,26.5,0.404,17.375,0.742625,1239,2018414,2018,GSW,SAS,1577.964814,1580.171433,0.63713344,0.36286656,113,92,SanAntonio,17,24,22,29,300,28,29,29,27,-400,205.5,-8,H,5167,0,W ,113.125,101,84.125,0.5135,58.625,0.58375,25.5,0.371875,23.125,0.7425,87.875,0.4305,65,0.448,22.875,0.37425,22.75,0.727125
1240,1241,1241,2018414,2018,PHI,MIA,1660.410398,1505.736767,0.81245158,0.18754842,130,103,Miami,35,25,18,25,200,29,27,34,40,-250,214,-6,H,5168,9,W ,122.875,104.125,95,0.494875,64,0.54225,31,0.404125,23.125,0.71525,87.875,0.42825,56.25,0.471,31.625,0.3485,26.75,0.6625,1241,2018414,2018,PHI,MIA,1660.410398,1505.736767,0.81245158,0.18754842,130,103,Miami,35,25,18,25,200,29,27,34,40,-250,214,-6,H,5168,9,W ,110.625,104,87.625,0.456875,59.75,0.4785,27.875,0.410125,24.75,0.7565,89.5,0.42425,56.25,0.449375,33.25,0.377625,19.375,0.806125
1241,1242,1242,2018414,2018,POR,NOP,1614.263041,1588.290373,0.673741605,0.326258395,95,97,Neworleans,21,24,30,22,190,18,18,27,32,-240,217,-5,A,5169,10,L ,104.875,99.5,90.125,0.44425,57.875,0.51925,32.25,0.31275,18.5,0.814375,83.5,0.443,59.375,0.458,24.125,0.41125,22.125,0.718375,1242,2018414,2018,POR,NOP,1614.263041,1588.290373,0.673741605,0.326258395,95,97,Neworleans,21,24,30,22,190,18,18,27,32,-240,217,-5,A,5169,10,L ,104.75,107.25,94.375,0.44125,63.5,0.49625,30.875,0.318,15.875,0.72225,90.625,0.475375,64.625,0.515,26,0.379375,14.375,0.81175
1242,1240,1240,2018414,2018,TOR,WAS,1675.616215,1482.671174,0.843740542,0.156259458,114,106,Washington,23,36,26,21,275,28,27,31,28,-350,214,-7.5,H,5170,15,W ,109.375,103.625,85.25,0.48725,52.625,0.528125,32.625,0.423375,17.875,0.721,86.625,0.445125,63.75,0.476125,22.875,0.36425,23.625,0.762,1240,2018414,2018,TOR,WAS,1675.616215,1482.671174,0.843740542,0.156259458,114,106,Washington,23,36,26,21,275,28,27,31,28,-350,214,-7.5,H,5170,15,W ,108.875,98.125,80.5,0.5015,51.25,0.558875,29.25,0.396625,21.625,0.74775,86.125,0.445375,58.625,0.51025,27.5,0.318375,17.5,0.798125
1243,1243,1243,2018415,2018,BOS,MIL,1575.480725,1514.049444,0.716927801,0.283072199,113,107,Milwaukee,17,30,19,33,143,29,15,26,29,-163,199,-3.5,H,5171,12,W ,108.875,105.25,89.25,0.4635,61.375,0.506625,27.875,0.379375,20.75,0.755875,86.125,0.4605,55.875,0.511875,30.25,0.383875,20,0.74925,1243,2018415,2018,BOS,MIL,1575.480725,1514.049444,0.716927801,0.283072199,113,107,Milwaukee,17,30,19,33,143,29,15,26,29,-163,199,-3.5,H,5171,12,W ,114,112.25,90.75,0.465375,63.25,0.48775,27.5,0.421125,22.5,0.826875,89.625,0.47625,63.875,0.510625,25.75,0.389375,20.5,0.839125
1244,1244,1244,2018415,2018,CLE,IND,1552.252717,1556.721843,0.634117011,0.365882989,80,98,Indiana,33,22,18,25,296,14,24,27,15,-370,212.5,-7,A,5172,0,L ,108.25,105.25,84.25,0.47575,57,0.51825,27.25,0.3925,24,0.744625,86.875,0.471,57.5,0.5175,29.375,0.381875,15.75,0.79725,1244,2018415,2018,CLE,IND,1552.252717,1556.721843,0.634117011,0.365882989,80,98,Indiana,33,22,18,25,296,14,24,27,15,-370,212.5,-7,A,5172,0,L ,97.5,99.875,82,0.45775,54.25,0.527375,27.75,0.3295,17.75,0.73225,85.375,0.452,61.625,0.49125,23.75,0.358125,18.75,0.7705
1245,1246,1246,2018415,2018,HOU,MIN,1732.213741,1551.421614,0.834293819,0.165706181,104,101,Minnesota,21,26,25,29,797,27,27,22,28,-1300,215,-11.5,H,5173,12,W ,109.5,98.25,84.125,0.471,40.25,0.60425,43.875,0.349875,20.75,0.73625,85.625,0.44125,56.5,0.506375,29.125,0.325125,18.875,0.735875,1246,2018415,2018,HOU,MIN,1732.213741,1551.421614,0.834293819,0.165706181,104,101,Minnesota,21,26,25,29,797,27,27,22,28,-1300,215,-11.5,H,5173,12,W ,105.5,104.5,86.875,0.453875,57.375,0.517,29.5,0.339125,22,0.765125,86.625,0.447625,64.125,0.487,22.5,0.3485,24.5,0.811375
1246,1245,1245,2018415,2018,OKC,UTA,1619.559364,1686.339186,0.547662519,0.452337481,116,108,Utah,25,23,24,36,151,25,29,27,35,-175,205,-4,H,5174,4,W ,115.25,111.125,89.625,0.45475,55.25,0.5005,34.375,0.379,27.5,0.759625,88.875,0.465625,58.75,0.519,30.125,0.36325,20.875,0.8355,1245,2018415,2018,OKC,UTA,1619.559364,1686.339186,0.547662519,0.452337481,116,108,Utah,25,23,24,36,151,25,29,27,35,-175,205,-4,H,5174,4,W ,104.75,112.375,89.75,0.453375,66.375,0.4765,23.375,0.3775,17.375,0.836125,86.625,0.483875,57.625,0.53725,29,0.38825,22.375,0.801625
1247,1248,1248,2018416,2018,GSW,SAS,1589.371812,1568.764435,0.666916551,0.333083449,116,101,SanAntonio,25,28,22,26,450,23,24,33,36,-650,206,-9,H,5175,11,W ,106.375,104.75,85.375,0.497,60.875,0.524375,24.5,0.4315,13.375,0.829125,85.125,0.473375,59,0.524,26.125,0.365375,19,0.766875,1248,2018416,2018,GSW,SAS,1589.371812,1568.764435,0.666916551,0.333083449,116,101,SanAntonio,25,28,22,26,450,23,24,33,36,-650,206,-9,H,5175,11,W ,114.625,101.875,83.25,0.521875,57.375,0.58925,25.875,0.38775,22.625,0.777875,87.75,0.423875,63.875,0.459125,23.875,0.329625,25.625,0.76825
1248,1247,1247,2018416,2018,PHI,MIA,1666.723559,1499.423606,0.823275987,0.176724013,103,113,Miami,22,34,30,27,250,29,13,33,28,-310,217,-6.5,A,5176,4,L ,120.75,104.75,96,0.487375,65.125,0.539875,30.875,0.3845,21.375,0.72625,86.125,0.441125,54.25,0.485875,31.875,0.360875,25.75,0.670375,1247,2018416,2018,PHI,MIA,1666.723559,1499.423606,0.823275987,0.176724013,103,113,Miami,22,34,30,27,250,29,13,33,28,-310,217,-6.5,A,5176,4,L ,109.125,105.75,89.25,0.45175,61.375,0.483375,27.875,0.38575,23.75,0.74325,88.375,0.431625,55.875,0.457,32.5,0.38225,21.125,0.820125
1249,1250,1250,2018417,2018,BOS,MIL,1579.357854,1510.172315,0.725898207,0.274101793,120,106,Milwaukee,22,29,24,31,-110,33,27,30,30,-110,199.5,0,H,5177,6,W ,111.75,106.125,90.375,0.477625,63.25,0.51825,27.125,0.39125,20.375,0.731,85.625,0.475,56,0.535875,29.625,0.36725,20.875,0.68825,1250,2018417,2018,BOS,MIL,1579.357854,1510.172315,0.725898207,0.274101793,120,106,Milwaukee,22,29,24,31,-110,33,27,30,30,-110,199.5,0,H,5177,6,W ,115.875,110.75,91.125,0.48025,63,0.51275,28.125,0.41575,21.875,0.789125,88.375,0.489125,64.25,0.5305,24.125,0.378375,20.25,0.77875
1250,1251,1251,2018417,2018,POR,NOP,1607.022497,1595.530918,0.655159589,0.344840411,102,111,Neworleans,25,29,33,24,230,23,36,19,24,-280,215.5,-6,A,5178,14,L ,103.5,100.25,89.5,0.444625,57.625,0.51725,31.875,0.31675,17.375,0.81575,84,0.442875,61,0.442875,23,0.432125,21.875,0.7325,1251,2018417,2018,POR,NOP,1607.022497,1595.530918,0.655159589,0.344840411,102,111,Neworleans,25,29,33,24,230,23,36,19,24,-280,215.5,-6,A,5178,14,L ,104.875,106.875,94.125,0.44525,62.75,0.5,31.375,0.32475,15,0.71925,90.75,0.468625,65,0.500625,25.75,0.389,15.625,0.77225
1251,1249,1249,2018417,2018,TOR,WAS,1677.914949,1480.37244,0.847198116,0.152801884,130,119,Washington,27,31,32,29,250,44,32,24,30,-310,213.5,-7,H,5179,1,W ,110,102,86,0.480875,52.75,0.529,33.25,0.40725,19.125,0.725375,86.375,0.4365,63.375,0.465875,23,0.361625,22.875,0.785375,1249,2018417,2018,TOR,WAS,1677.914949,1480.37244,0.847198116,0.152801884,130,119,Washington,27,31,32,29,250,44,32,24,30,-310,213.5,-7,H,5179,1,W ,112.875,101.75,81.5,0.504375,50.75,0.564375,30.75,0.405,23.5,0.75975,86.5,0.453625,59.375,0.5145,27.125,0.33525,19,0.816
1252,1252,1252,2018418,2018,CLE,IND,1531.338517,1577.636043,0.576674425,0.423325575,100,97,Indiana,18,28,21,30,350,33,25,16,26,-450,212.5,-8,H,5180,0,W ,104.25,101.25,83.625,0.46375,55.875,0.516375,27.75,0.3635,23.25,0.72725,85.625,0.47,57.75,0.5215,27.875,0.360875,14.375,0.78225,1252,2018418,2018,CLE,IND,1531.338517,1577.636043,0.576674425,0.423325575,100,97,Indiana,18,28,21,30,350,33,25,16,26,-450,212.5,-8,H,5180,0,W ,98,100.5,81.25,0.467375,52.875,0.541625,28.375,0.335125,17.5,0.713375,83.5,0.472,59.75,0.521875,23.75,0.3525,18,0.74625
1253,1254,1254,2018418,2018,HOU,MIN,1733.726683,1549.908672,0.836687869,0.163312131,102,82,Minnesota,23,17,18,24,575,18,37,25,22,-850,215.5,-10.5,H,5181,1,W ,108,97.125,84.5,0.456125,40,0.584875,44.5,0.3405,22.375,0.73775,83.625,0.44025,54.875,0.505375,28.75,0.324125,20,0.731375,1254,2018418,2018,HOU,MIN,1733.726683,1549.908672,0.836687869,0.163312131,102,82,Minnesota,23,17,18,24,575,18,37,25,22,-850,215.5,-10.5,H,5181,1,W ,104.375,100.25,88.625,0.4355,55.125,0.5025,33.5,0.327625,21.5,0.765375,85.75,0.43,63.625,0.4655,22.125,0.341625,24.75,0.78875
1254,1253,1253,2018418,2018,OKC,UTA,1627.560548,1678.338001,0.570366779,0.429633221,95,102,Utah,26,27,21,28,145,25,21,33,16,-170,208.5,-3.5,A,5182,12,L ,113.875,111.25,90.375,0.44825,56.125,0.500125,34.25,0.36275,27.5,0.74575,87.75,0.466625,58.125,0.524,29.625,0.3565,23,0.821,1253,2018418,2018,OKC,UTA,1627.560548,1678.338001,0.570366779,0.429633221,95,102,Utah,26,27,21,28,145,25,21,33,16,-170,208.5,-3.5,A,5182,12,L ,104.25,110.625,89.375,0.44825,64.25,0.472625,25.125,0.381,18,0.81375,85.125,0.483875,56.5,0.541625,28.625,0.380125,23.375,0.76875
1255,1255,1255,2018419,2018,MIA,PHI,1521.158519,1644.988646,0.465759366,0.534240634,108,128,Philadelphia,37,26,33,32,-140,33,31,30,14,120,213.5,2.5,A,5183,17,L ,103.875,102.875,86.75,0.45325,60,0.511625,26.75,0.327125,21.375,0.7695,87.25,0.417875,56.625,0.46675,30.625,0.315625,26.25,0.7595,1255,2018419,2018,MIA,PHI,1521.158519,1644.988646,0.465759366,0.534240634,108,128,Philadelphia,37,26,33,32,-140,33,31,30,14,120,213.5,2.5,A,5183,17,L ,103.375,117.5,88.125,0.422875,56.125,0.46125,32,0.340125,25.375,0.705125,90.125,0.487,56.25,0.534,33.875,0.40325,23.125,0.713375
1256,1256,1256,2018419,2018,NOP,POR,1609.534353,1593.019061,0.661663451,0.338336549,119,102,Portland,20,25,25,32,150,36,28,27,28,-180,215.5,-4,H,5184,4,W ,113.75,104.125,87.875,0.50775,61.625,0.57725,26.25,0.327875,19.375,0.7925,91.875,0.4315,61.125,0.491,30.75,0.322375,18.875,0.812875,1256,2018419,2018,NOP,POR,1609.534353,1593.019061,0.661663451,0.338336549,119,102,Portland,20,25,25,32,150,36,28,27,28,-180,215.5,-4,H,5184,4,W ,106.25,101.25,85.125,0.47125,56.25,0.53775,28.875,0.336375,21.875,0.745625,88.5,0.443,57.25,0.534125,31.25,0.2885,18.875,0.778875
1257,1257,1257,2018419,2018,SAS,GSW,1560.584747,1597.5515,0.58972981,0.41027019,97,110,GoldenState,26,26,32,26,-170,23,23,26,25,145,205.5,3.5,A,5185,13,L ,103.125,95.875,83.5,0.465125,59.5,0.522375,24,0.325375,23.375,0.75375,82.25,0.435625,55.875,0.49125,26.375,0.32675,19.625,0.779125,1257,2018419,2018,SAS,GSW,1560.584747,1597.5515,0.58972981,0.41027019,97,110,GoldenState,26,26,32,26,-170,23,23,26,25,145,205.5,3.5,A,5185,13,L ,105.375,104.25,88.25,0.4485,57.625,0.512875,30.625,0.339375,21.25,0.756875,84.5,0.4685,57.375,0.544875,27.125,0.311375,19.375,0.81875
1258,1258,1258,2018420,2018,IND,CLE,1573.097717,1535.876844,0.687811327,0.312188673,92,90,Cleveland,31,26,12,21,105,20,20,23,29,-125,209.5,-1.5,H,5186,5,W ,106.75,102.375,89.875,0.47225,63.25,0.519375,26.625,0.358,15.5,0.78475,83.5,0.460375,50.75,0.532125,32.75,0.344625,17.625,0.801375,1258,2018420,2018,IND,CLE,1573.097717,1535.876844,0.687811327,0.312188673,92,90,Cleveland,31,26,12,21,105,20,20,23,29,-125,209.5,-1.5,H,5186,5,W ,109,110,85.625,0.47925,54.25,0.542625,31.375,0.356875,19.625,0.76925,85.125,0.4755,52.25,0.54825,32.875,0.35825,22.875,0.737125
1259,1260,1260,2018420,2018,MIL,BOS,1503.962043,1585.568125,0.526446272,0.473553728,116,92,Boston,12,23,32,25,180,27,31,27,31,-220,205.5,-4.5,H,5187,4,W ,112.875,107.25,84.75,0.5075,60.375,0.56575,24.375,0.357,23.75,0.764625,84.875,0.467375,57.25,0.528125,27.625,0.33125,23.125,0.7915,1260,2018420,2018,MIL,BOS,1503.962043,1585.568125,0.526446272,0.473553728,116,92,Boston,12,23,32,25,180,27,31,27,31,-220,205.5,-4.5,H,5187,4,W ,101.5,97.625,83.625,0.475625,53.25,0.551375,30.375,0.333125,16.125,0.758375,79.75,0.4325,55.75,0.438625,24,0.422125,23,0.824125
1260,1259,1259,2018420,2018,WAS,TOR,1477.654328,1680.633061,0.355994213,0.644005787,122,103,Toronto,29,32,21,21,-105,30,39,32,21,-115,217.5,-1,H,5188,7,W ,107.625,102.125,83.625,0.48575,57.625,0.5025,26,0.43625,19.125,0.78625,83.875,0.446,56.125,0.47275,27.75,0.38625,22.125,0.774,1259,2018420,2018,WAS,TOR,1477.654328,1680.633061,0.355994213,0.644005787,122,103,Toronto,29,32,21,21,-105,30,39,32,21,-115,217.5,-1,H,5188,7,W ,109.375,106.625,86.875,0.478625,62,0.5095,24.875,0.41,21,0.77175,84.875,0.472375,51.375,0.55725,33.5,0.349375,18.5,0.809
1261,1261,1261,2018421,2018,MIA,PHI,1506.18544,1659.961725,0.423221854,0.576778146,102,106,Philadelphia,26,30,23,27,-180,26,35,22,19,155,212,4,A,5189,12,L ,104.375,106.25,88.75,0.4485,63.25,0.496875,25.5,0.334375,22,0.74075,87.125,0.425875,55.875,0.477875,31.25,0.324625,28.25,0.770375,1261,2018421,2018,MIA,PHI,1506.18544,1659.961725,0.423221854,0.576778146,102,106,Philadelphia,26,30,23,27,-180,26,35,22,19,155,212,4,A,5189,12,L ,104,115.75,89.25,0.428875,58.375,0.467375,30.875,0.3415,25.5,0.66075,88.75,0.474875,54.25,0.528125,34.5,0.38825,25.25,0.733375
1262,1263,1263,2018421,2018,MIN,HOU,1545.54848,1738.086875,0.369888816,0.630111184,121,105,Houston,28,23,24,30,-240,27,25,35,34,199,217,5.5,H,5190,7,W ,113.125,109.875,87.125,0.48425,62.75,0.513875,24.375,0.408,22.75,0.823875,83,0.489875,53.5,0.54175,29.5,0.39975,22.875,0.740875,1263,2018421,2018,MIN,HOU,1545.54848,1738.086875,0.369888816,0.630111184,121,105,Houston,28,23,24,30,-240,27,25,35,34,199,217,5.5,H,5190,7,W ,103.75,104,85.625,0.469125,59.5,0.5225,26.125,0.355375,20.125,0.743625,82.75,0.4385,42.5,0.508875,40.25,0.368,22.375,0.750625
1263,1262,1262,2018421,2018,NOP,POR,1618.600801,1583.952613,0.684622504,0.315377496,131,123,Portland,25,31,31,36,222,26,32,42,31,-270,217,-6.5,H,5191,13,W ,115.75,106.375,86.25,0.514,60,0.590125,26.25,0.322875,22.375,0.820125,92.5,0.4375,62.75,0.4895,29.75,0.332875,19.5,0.81225,1262,2018421,2018,NOP,POR,1618.600801,1583.952613,0.684622504,0.315377496,131,123,Portland,25,31,31,36,222,26,32,42,31,-270,217,-6.5,H,5191,13,W ,109.5,103.125,84.375,0.488375,55.75,0.559,28.625,0.344375,23.25,0.745625,89.125,0.450375,58.75,0.534,30.375,0.301625,18.5,0.781875
1264,1264,1264,2018421,2018,UTA,OKC,1688.328115,1617.570434,0.727695195,0.272304805,115,102,oklahomaCity,30,23,22,27,184,22,36,31,26,-220,209,-5,H,5192,6,W ,108.25,97,82.625,0.4805,51.25,0.572875,31.375,0.329125,25.625,0.7285,82.125,0.43875,58.375,0.44625,23.75,0.417625,20.875,0.73275,1264,2018421,2018,UTA,OKC,1688.328115,1617.570434,0.727695195,0.272304805,115,102,oklahomaCity,30,23,22,27,184,22,36,31,26,-220,209,-5,H,5192,6,W ,106.125,110.375,82.75,0.468,51.125,0.521125,31.625,0.37875,22.5,0.745,86.5,0.45125,56.5,0.479,30,0.395375,28,0.731125
1265,1268,1268,2018422,2018,IND,CLE,1575.816197,1533.158363,0.694491964,0.305508036,100,104,Cleveland,30,30,20,24,-135,24,26,28,22,115,206.5,1.5,A,5193,7,L ,105.25,104.5,90.125,0.464125,62.875,0.51625,27.25,0.341,15.875,0.761625,83,0.464625,50.125,0.53625,32.875,0.350875,19.625,0.794625,1268,2018422,2018,IND,CLE,1575.816197,1533.158363,0.694491964,0.305508036,100,104,Cleveland,30,30,20,24,-135,24,26,28,22,115,206.5,1.5,A,5193,7,L ,107.375,109.875,85.25,0.477,54.125,0.5375,31.125,0.3595,18.875,0.7475,84.875,0.4675,51.875,0.533875,33,0.36075,23.5,0.7715
1266,1265,1265,2018422,2018,MIL,BOS,1521.343448,1568.186721,0.575907317,0.424092683,104,102,Boston,17,18,32,35,200,24,27,24,29,-250,203.5,-6,H,5194,3,W ,110.875,106,84.75,0.502375,59.75,0.56075,25,0.355875,21.875,0.76225,83.5,0.459125,55.75,0.51275,27.75,0.343125,24.5,0.79325,1265,2018422,2018,MIL,BOS,1521.343448,1568.186721,0.575907317,0.424092683,104,102,Boston,17,18,32,35,200,24,27,24,29,-250,203.5,-6,H,5194,3,W ,102,97.25,81.375,0.48575,52.25,0.552375,29.125,0.35725,17.25,0.752125,81,0.427375,55.625,0.44375,25.375,0.388875,22.875,0.80875
1267,1266,1266,2018422,2018,SAS,GSW,1545.365637,1612.77061,0.546770878,0.453229122,103,90,GoldenState,22,20,29,19,-300,30,26,21,26,240,206.5,5.5,H,5195,0,W ,104.875,97.75,83.375,0.472,58.75,0.52125,24.625,0.348875,23.125,0.756625,84.25,0.43225,56.75,0.48425,27.5,0.33825,19.75,0.795625,1266,2018422,2018,SAS,GSW,1545.365637,1612.77061,0.546770878,0.453229122,103,90,GoldenState,22,20,29,19,-300,30,26,21,26,240,206.5,5.5,H,5195,0,W ,104.625,100,88.125,0.446125,57,0.504375,31.125,0.349125,20,0.76275,83.875,0.45,57.125,0.527,26.75,0.29025,19.75,0.83075
1268,1267,1267,2018422,2018,WAS,TOR,1499.843199,1658.444191,0.416457121,0.583542879,106,98,Toronto,30,21,29,18,-125,22,18,40,26,105,217,1.5,H,5196,3,W ,107.25,101.625,85,0.4755,59.375,0.491875,25.625,0.42525,20.125,0.767625,83,0.443125,56,0.47375,27,0.372375,24,0.769875,1267,2018422,2018,WAS,TOR,1499.843199,1658.444191,0.416457121,0.583542879,106,98,Toronto,30,21,29,18,-125,22,18,40,26,105,217,1.5,H,5196,3,W ,110.25,105.625,85.875,0.48225,61.875,0.508625,24,0.425,22.75,0.768125,84.875,0.47075,53.125,0.5515,31.75,0.351125,18.75,0.79775
1269,1269,1269,2018423,2018,MIN,HOU,1564.681883,1718.953472,0.422526014,0.577473986,100,119,Houston,21,29,50,19,-260,21,28,20,31,210,217.5,6,A,5197,5,L ,110.625,108.625,86.875,0.476875,62.25,0.510125,24.625,0.391,22.375,0.803875,84.75,0.475375,54.25,0.5245,30.5,0.389125,21.625,0.75775,1269,2018423,2018,MIN,HOU,1564.681883,1718.953472,0.422526014,0.577473986,100,119,Houston,21,29,50,19,-260,21,28,20,31,210,217.5,6,A,5197,5,L ,106,105.75,84.375,0.48325,59.375,0.5295,25,0.38075,20.75,0.743375,83.75,0.434875,43.75,0.499625,40,0.36725,23.875,0.772
1270,1270,1270,2018423,2018,UTA,OKC,1694.199088,1611.699462,0.74088094,0.25911906,113,96,oklahomaCity,30,22,21,23,170,24,34,32,23,-200,208,-4.5,H,5198,5,W ,109.5,96.875,84.75,0.481125,52.125,0.569,32.625,0.342,24.25,0.7145,81.875,0.434125,57.5,0.462375,24.375,0.35825,22.875,0.7565,1270,2018423,2018,UTA,OKC,1694.199088,1611.699462,0.74088094,0.25911906,113,96,oklahomaCity,30,22,21,23,170,24,34,32,23,-200,208,-4.5,H,5198,5,W ,106.875,107.5,83.25,0.47125,51.25,0.531125,32,0.3705,22.875,0.728875,85.875,0.441375,57,0.47925,28.875,0.36225,28.625,0.74025
1271,1271,1271,2018424,2018,BOS,MIL,1564.255577,1525.274591,0.689982795,0.310017205,92,87,Milwaukee,15,22,24,26,165,23,25,24,20,-195,202.5,-4.5,H,5199,2,W ,107.75,101.375,86.625,0.4695,58.875,0.519125,27.75,0.373875,21.5,0.73775,84.375,0.46175,54.625,0.52375,29.75,0.3545,19.875,0.682,1271,2018424,2018,BOS,MIL,1564.255577,1525.274591,0.689982795,0.310017205,92,87,Milwaukee,15,22,24,26,165,23,25,24,20,-195,202.5,-4.5,H,5199,2,W ,114.25,109.375,89,0.474625,60.5,0.521375,28.5,0.389125,23.625,0.813375,88.875,0.477875,63.5,0.517125,25.375,0.379875,19.875,0.77925
1272,1273,1273,2018424,2018,GSW,SAS,1601.946231,1556.190016,0.698263037,0.301736963,99,91,SanAntonio,20,18,27,26,650,22,27,30,20,-1000,205,-11,H,5200,4,W ,105.5,104.375,84.125,0.49625,60,0.53625,24.125,0.404625,15.125,0.8155,85.375,0.464875,59.5,0.51725,25.875,0.3515,19.25,0.82425,1273,2018424,2018,GSW,SAS,1601.946231,1556.190016,0.698263037,0.301736963,99,91,SanAntonio,20,18,27,26,650,22,27,30,20,-1000,205,-11,H,5200,4,W ,113.375,101.625,83.625,0.516625,59.875,0.570375,23.75,0.374,22.875,0.78,88.375,0.4195,64.25,0.463,24.125,0.309625,25.5,0.794875
1273,1272,1272,2018424,2018,PHI,MIA,1665.094145,1501.05302,0.820530071,0.179469929,104,91,Miami,21,25,20,25,500,23,23,34,24,-700,215.5,-10,H,5201,8,W ,118.375,103.125,94.75,0.47675,64,0.537,30.75,0.35975,22.75,0.737,86.625,0.43575,54.375,0.482375,32.25,0.353625,24.25,0.667,1272,2018424,2018,PHI,MIA,1665.094145,1501.05302,0.820530071,0.179469929,104,91,Miami,21,25,20,25,500,23,23,34,24,-700,215.5,-10,H,5201,8,W ,106.75,102.25,87.625,0.440375,59.25,0.475625,28.375,0.375375,25.125,0.749,87,0.428125,55.5,0.46225,31.5,0.365625,21.25,0.780875
1274,1274,1274,2018425,2018,CLE,IND,1543.074501,1565.900059,0.609271681,0.390728319,98,95,Indiana,25,31,17,22,260,23,26,32,17,-330,206,-6.5,H,5202,6,W ,101.5,101.25,81.125,0.4535,53,0.5035,28.125,0.368125,23.625,0.753875,83.625,0.47525,56.75,0.5245,26.875,0.367125,15.25,0.8045,1274,2018425,2018,CLE,IND,1543.074501,1565.900059,0.609271681,0.390728319,98,95,Indiana,25,31,17,22,260,23,26,32,17,-330,206,-6.5,H,5202,6,W ,100.125,100.875,79.875,0.468125,49.625,0.54825,30.25,0.3375,19.75,0.750375,82.25,0.47175,58.625,0.52175,23.625,0.35425,19.875,0.760125
1275,1276,1276,2018425,2018,HOU,MIN,1731.756194,1551.879161,0.833564288,0.166435712,122,104,Minnesota,26,33,15,30,800,25,30,30,37,-1400,217.5,-12,H,5203,15,W ,108.5,97.75,84.25,0.458875,40.75,0.582625,43.5,0.3435,23.375,0.71625,82.5,0.448125,56.375,0.497125,26.125,0.349,21.125,0.7115,1276,2018425,2018,HOU,MIN,1731.756194,1551.879161,0.833564288,0.166435712,122,104,Minnesota,26,33,15,30,800,25,30,30,37,-1400,217.5,-12,H,5203,15,W ,105,100.625,87.625,0.435625,51.875,0.5025,35.75,0.349875,22.125,0.741375,85.5,0.433125,62.5,0.472125,23,0.328,24.75,0.7825
1276,1277,1277,2018425,2018,OKC,UTA,1605.075657,1700.822893,0.506119913,0.493880087,107,99,Utah,34,22,22,21,125,29,12,37,29,-145,207.5,-2.5,H,5204,12,W ,112.125,109.5,89.75,0.441875,56.875,0.484625,32.875,0.373375,27.75,0.747625,87.125,0.4565,56,0.5175,31.125,0.346375,23.375,0.81925,1277,2018425,2018,OKC,UTA,1605.075657,1700.822893,0.506119913,0.493880087,107,99,Utah,34,22,22,21,125,29,12,37,29,-145,207.5,-2.5,H,5204,12,W ,103.625,108.125,89.875,0.44125,66.125,0.46875,23.75,0.36825,19.25,0.819625,84.375,0.468625,54.625,0.5265,29.75,0.371125,24.625,0.747625
1277,1275,1275,2018425,2018,TOR,WAS,1647.326658,1510.960732,0.795862337,0.204137663,108,98,Washington,24,23,31,20,260,23,25,31,29,-330,216,-7,H,5205,17,W ,109,100.25,85.5,0.479125,52.625,0.53,32.875,0.39975,19,0.732875,87.125,0.426875,64.25,0.462625,22.875,0.33475,21.75,0.81675,1275,2018425,2018,TOR,WAS,1647.326658,1510.960732,0.795862337,0.204137663,108,98,Washington,24,23,31,20,260,23,25,31,29,-330,216,-7,H,5205,17,W ,113.5,102.5,81.25,0.50125,50,0.554125,31.25,0.42425,24.5,0.75975,86.625,0.453,60.25,0.509,26.375,0.33575,19.875,0.824
1278,1278,1278,2018426,2018,MIL,BOS,1521.347778,1568.18239,0.575919494,0.424080506,97,86,Boston,24,15,26,21,170,22,26,26,23,-200,201.5,-4.5,H,5206,5,W ,107.75,102.125,83.375,0.506125,58.25,0.57575,25.125,0.339375,20.5,0.726375,83,0.448,55.25,0.499375,27.75,0.33625,23.375,0.778,1278,2018426,2018,MIL,BOS,1521.347778,1568.18239,0.575919494,0.424080506,97,86,Boston,24,15,26,21,170,22,26,26,23,-200,201.5,-4.5,H,5206,5,W ,102.5,95,80.5,0.49125,51.375,0.559625,29.125,0.362125,18.625,0.7045,82.125,0.404125,55,0.42925,27.125,0.3555,23.125,0.82575
1279,1280,1280,2018427,2018,IND,CLE,1561.785279,1547.189281,0.659185714,0.340814286,121,87,Cleveland,26,21,20,20,110,29,28,35,29,-130,202,-1.5,H,5207,5,W ,108,102.125,89.375,0.48075,61.375,0.531,28,0.367,15.5,0.74475,83,0.4615,49.375,0.539125,33.625,0.3435,18.125,0.757875,1280,2018427,2018,IND,CLE,1561.785279,1547.189281,0.659185714,0.340814286,121,87,Cleveland,26,21,20,20,110,29,28,35,29,-130,202,-1.5,H,5207,5,W ,108.875,106.5,84.75,0.491,54.125,0.557125,30.625,0.363125,18.75,0.72725,83.875,0.4565,50.75,0.520375,33.125,0.356375,23,0.760625
1280,1281,1281,2018427,2018,UTA,OKC,1691.88512,1614.01343,0.735733861,0.264266139,96,91,oklahomaCity,22,19,29,21,230,18,23,37,18,-280,207,-7,H,5208,8,W ,109.75,95.875,83.875,0.491125,52.25,0.567875,31.625,0.368125,24,0.66975,81.75,0.433375,57.25,0.46025,24.5,0.360875,22.125,0.731625,1281,2018427,2018,UTA,OKC,1691.88512,1614.01343,0.735733861,0.264266139,96,91,oklahomaCity,22,19,29,21,230,18,23,37,18,-280,207,-7,H,5208,8,W ,103.25,102.375,83.375,0.456625,51.875,0.515375,31.5,0.356125,22.875,0.69625,86.5,0.4215,56,0.46375,30.5,0.3395,26,0.71925
1281,1279,1279,2018427,2018,WAS,TOR,1507.397609,1650.889781,0.43773463,0.56226537,92,102,Toronto,20,30,23,29,-140,30,23,25,14,120,214.5,2,A,5209,5,L ,106.25,100.875,84.875,0.46675,60,0.48675,24.875,0.40825,21,0.797375,83.625,0.44425,57.75,0.48825,25.875,0.344875,24.125,0.7505,1279,2018427,2018,WAS,TOR,1507.397609,1650.889781,0.43773463,0.56226537,92,102,Toronto,20,30,23,29,-140,30,23,25,14,120,214.5,2,A,5209,5,L ,111,106.75,84.5,0.4815,60.875,0.507375,23.625,0.4255,24.75,0.812125,86.5,0.469375,56.125,0.551,30.375,0.3375,19,0.83025
1282,1282,1282,2018428,2018,BOS,MIL,1559.224001,1530.306168,0.677457236,0.322542764,112,96,Milwaukee,17,25,25,29,180,30,20,31,31,-220,195.5,-5,H,5210,2,W ,109.25,101,86.25,0.48475,59.75,0.540375,26.5,0.372,22.125,0.697875,83,0.469375,53.25,0.539,29.75,0.349875,18.5,0.718125,1282,2018428,2018,BOS,MIL,1559.224001,1530.306168,0.677457236,0.322542764,112,96,Milwaukee,17,25,25,29,180,30,20,31,31,-220,195.5,-5,H,5210,2,W ,114.875,106.875,90.125,0.47325,60.875,0.5285,29.25,0.369875,24.375,0.76575,87.25,0.468,61,0.51725,26.25,0.35275,20.875,0.78475
1283,1283,1283,2018428,2018,GSW,NOP,1606.853183,1623.770725,0.617337169,0.382662831,123,101,Neworleans,34,21,19,27,255,35,41,27,20,-320,223.5,-7,H,5211,7,W ,109.5,103.25,84.125,0.5045,58.5,0.548125,25.625,0.4055,17.875,0.79675,86.5,0.45925,61,0.513625,25.5,0.337875,18.375,0.82925,1283,2018428,2018,GSW,NOP,1606.853183,1623.770725,0.617337169,0.382662831,123,101,Neworleans,34,21,19,27,255,35,41,27,20,-320,223.5,-7,H,5211,7,W ,108,107.875,93.125,0.459,61.625,0.513125,31.5,0.342,16.625,0.701125,91.5,0.473375,64.625,0.509875,26.875,0.382125,15,0.75725
1284,1284,1284,2018429,2018,CLE,IND,1532.228515,1576.746045,0.579173822,0.420826178,105,101,Indiana,19,24,31,27,211,31,23,22,29,-255,200.5,-5,H,5212,2,W ,101.25,101.125,79.125,0.44775,50.375,0.502125,28.75,0.359125,26.75,0.759125,82.5,0.471125,55,0.527375,27.5,0.354625,17.5,0.799375,1284,2018429,2018,CLE,IND,1532.228515,1576.746045,0.579173822,0.420826178,105,101,Indiana,19,24,31,27,211,31,23,22,29,-255,200.5,-5,H,5212,2,W ,100.375,100.25,79.375,0.454875,49.375,0.53225,30,0.32825,23.625,0.763875,82.25,0.4655,58,0.514,24.25,0.356125,20.375,0.746625
1285,1285,1285,2018429,2018,HOU,UTA,1735.898519,1695.14126,0.69216574,0.30783426,110,96,Utah,21,18,29,28,711,34,30,22,24,-1100,206,-11.5,H,5213,1,W ,107.5,99,82.875,0.460125,42.5,0.55275,40.375,0.370375,23.75,0.708125,80.875,0.462875,56.625,0.506375,24.25,0.36175,21.75,0.711875,1285,2018429,2018,HOU,UTA,1735.898519,1695.14126,0.69216574,0.30783426,110,96,Utah,21,18,29,28,711,34,30,22,24,-1100,206,-11.5,H,5213,1,W ,101.875,105.125,88.625,0.43375,63,0.452125,25.625,0.383125,18.875,0.812125,82.875,0.47,53.875,0.531625,29,0.36175,23.75,0.722375
1286,1286,1286,2018430,2018,BOS,PHI,1567.445112,1668.725166,0.498157864,0.501842136,117,101,Philadelphia,22,23,30,26,-220,25,31,31,30,180,205.5,5,H,5214,7,W ,110.125,101.25,85.875,0.488125,57.125,0.54225,28.75,0.38125,21.125,0.70975,83.375,0.46425,54.75,0.52425,28.625,0.34525,20.125,0.714375,1286,2018430,2018,BOS,PHI,1567.445112,1668.725166,0.498157864,0.501842136,117,101,Philadelphia,22,23,30,26,-220,25,31,31,30,180,205.5,5,H,5214,7,W ,104.875,113.625,89,0.4245,56.25,0.45275,32.75,0.371,24.875,0.701,87.75,0.47125,54.625,0.53375,33.125,0.361625,25.375,0.749
1287,1288,1288,2018501,2018,GSW,NOP,1619.41898,1611.204929,0.650884672,0.349115328,121,116,Neworleans,29,26,31,30,600,27,31,30,33,-900,229.5,-11,H,5215,13,W ,114.5,106.25,84.75,0.51275,56.25,0.56725,28.5,0.409375,20.125,0.81525,89.5,0.45625,62,0.50925,27.5,0.346,18,0.843125,1288,2018501,2018,GSW,NOP,1619.41898,1611.204929,0.650884672,0.349115328,121,116,Neworleans,29,26,31,30,600,27,31,30,33,-900,229.5,-11,H,5215,13,W ,108.875,111,92.875,0.457625,62.25,0.51325,30.625,0.33475,19,0.70925,92.625,0.481,63.75,0.520875,28.875,0.39025,14.625,0.76075
1288,1287,1287,2018501,2018,TOR,CLE,1659.669498,1537.325213,0.782435578,0.217564422,112,113,Cleveland,19,38,25,23,225,33,27,27,18,-275,213.5,-7,A,5216,1,L ,109.75,99.75,85.375,0.477,53.5,0.53375,31.875,0.384375,21.125,0.76225,88,0.4205,63,0.456375,25,0.32925,21,0.80875,1287,2018501,2018,TOR,CLE,1659.669498,1537.325213,0.782435578,0.217564422,112,113,Cleveland,19,38,25,23,225,33,27,27,18,-275,213.5,-7,A,5216,1,L ,108.625,105.5,85.75,0.487375,56.25,0.5595,29.5,0.345875,19.375,0.727,85.75,0.44475,51.75,0.504875,34,0.35275,22.375,0.748875
1289,1289,1289,2018502,2018,HOU,UTA,1743.015626,1688.024153,0.709344511,0.290655489,108,116,Utah,36,28,22,30,700,28,27,30,23,-1100,205,-11,A,5217,8,L ,108,100.625,84.625,0.456125,44.375,0.552125,40.25,0.358125,23.5,0.72375,80.75,0.466625,56.5,0.50525,24.25,0.3735,23.25,0.700375,1289,2018502,2018,HOU,UTA,1743.015626,1688.024153,0.709344511,0.290655489,108,116,Utah,36,28,22,30,700,28,27,30,23,-1100,205,-11,A,5217,8,L ,104,105.875,89.125,0.4315,60.75,0.459875,28.375,0.366875,21,0.8015,82.375,0.474375,52.875,0.53675,29.5,0.36675,24.625,0.700125
1290,1291,1291,2018503,2018,BOS,PHI,1581.569958,1654.60032,0.538734659,0.461265341,108,103,Philadelphia,31,25,19,28,-180,22,29,28,29,150,206.5,3.5,H,5218,7,W ,109.75,101.125,86,0.475,57,0.5195,29,0.381875,22,0.75725,84.125,0.4605,55.125,0.5235,29,0.336125,19.75,0.730125,1291,2018503,2018,BOS,PHI,1581.569958,1654.60032,0.538734659,0.461265341,108,103,Philadelphia,31,25,19,28,-180,22,29,28,29,150,206.5,3.5,H,5218,7,W ,106.125,111.75,87.875,0.43,54.75,0.45425,33.125,0.38525,25.125,0.7205,88.125,0.466625,55.5,0.526125,32.625,0.36025,24.125,0.73925
1291,1290,1290,2018503,2018,TOR,CLE,1651.975932,1545.018779,0.76698084,0.23301916,110,128,Cleveland,26,35,37,30,240,29,34,24,23,-300,213,-6.5,A,5219,7,L ,109.25,102,84,0.481,52.625,0.538875,31.375,0.386625,21.375,0.778625,87.375,0.435875,62.875,0.478875,24.5,0.328,22.125,0.785,1290,2018503,2018,TOR,CLE,1651.975932,1545.018779,0.76698084,0.23301916,110,128,Cleveland,26,35,37,30,240,29,34,24,23,-300,213,-6.5,A,5219,7,L ,110.125,111.625,86.125,0.496,56.5,0.5665,29.625,0.357125,18.25,0.746875,85.625,0.4735,51.625,0.531625,34,0.386375,22.875,0.75575
1292,1292,1292,2018504,2018,NOP,GSW,1606.682711,1623.941197,0.616873426,0.383126574,119,100,GoldenState,21,35,19,25,-220,30,32,30,27,180,233,4.5,H,5220,6,W ,118.625,107.375,88.375,0.52275,61.125,0.5975,27.25,0.335875,20.875,0.80975,92.375,0.43925,61.5,0.49525,30.875,0.329375,20.5,0.79525,1292,2018504,2018,NOP,GSW,1606.682711,1623.941197,0.616873426,0.383126574,119,100,GoldenState,21,35,19,25,-220,30,32,30,27,180,233,4.5,H,5220,6,W ,108.375,103.125,89.875,0.458375,57.75,0.51675,32.125,0.362125,18.875,0.76725,86.125,0.446875,57.875,0.518875,28.25,0.30675,21,0.838
1293,1293,1293,2018504,2018,UTA,HOU,1702.728055,1728.311724,0.605485528,0.394514472,92,113,Houston,39,31,23,20,-200,22,18,25,27,170,209.5,4.5,A,5221,1,L ,109.5,97.875,84.125,0.491375,53,0.558625,31.125,0.381375,23.25,0.660125,82.625,0.439,56.25,0.488125,26.375,0.32775,22.125,0.750375,1293,2018504,2018,UTA,HOU,1702.728055,1728.311724,0.605485528,0.394514472,92,113,Houston,39,31,23,20,-200,22,18,25,27,170,209.5,4.5,A,5221,1,L ,104.875,106.5,84.5,0.473625,58.875,0.514125,25.625,0.3865,21.125,0.720375,82.875,0.4435,43.5,0.519375,39.375,0.35975,24.125,0.78725
1294,1295,1295,2018505,2018,CLE,TOR,1573.017394,1623.977317,0.570109366,0.429890634,105,103,Toronto,19,21,25,38,170,24,31,24,26,-200,214.5,-4.5,H,5222,0,W ,102.125,103.125,78.375,0.456375,49.75,0.518375,28.625,0.35125,27,0.76675,82,0.478875,55,0.536375,27,0.36,19.25,0.78575,1295,2018505,2018,CLE,TOR,1573.017394,1623.977317,0.570109366,0.429890634,105,103,Toronto,19,21,25,38,170,24,31,24,26,-200,214.5,-4.5,H,5222,0,W ,107.625,103.5,84.625,0.46625,60.875,0.500375,23.75,0.392375,24.375,0.8095,84.875,0.461,54.625,0.542375,30.25,0.331625,19.25,0.8215
1295,1294,1294,2018505,2018,PHI,BOS,1648.245241,1587.925037,0.715628008,0.284371992,98,101,Boston,19,29,21,20,400,20,31,17,21,-550,206,-9.5,A,5223,15,L ,115.875,103.125,94.625,0.468375,64,0.524,30.625,0.361,21.625,0.73925,86.25,0.44425,53.125,0.501875,33.125,0.35025,22.75,0.65125,1294,2018505,2018,PHI,BOS,1648.245241,1587.925037,0.715628008,0.284371992,98,101,Boston,19,29,21,20,400,20,31,17,21,-550,206,-9.5,A,5223,15,L ,103,94.875,82.5,0.48475,54,0.5485,28.5,0.35675,18.5,0.729,82.625,0.407375,54.375,0.45275,28.25,0.328,23.125,0.781125
1296,1296,1296,2018506,2018,NOP,GSW,1618.043624,1612.580284,0.647278028,0.352721972,92,118,GoldenState,37,24,33,24,-250,22,32,19,19,200,231.5,5.5,A,5224,0,L ,114.125,106.5,87.5,0.499875,60,0.573,27.5,0.323875,21.875,0.8075,93.375,0.438,63.25,0.498125,30.125,0.3165,19.25,0.801125,1296,2018506,2018,NOP,GSW,1618.043624,1612.580284,0.647278028,0.352721972,92,118,GoldenState,37,24,33,24,-250,22,32,19,19,200,231.5,5.5,A,5224,0,L ,107.875,103.875,90,0.452125,58.125,0.513875,31.875,0.345625,20.25,0.762,87.625,0.445625,58.5,0.519375,29.125,0.305125,19.75,0.848375
1297,1297,1297,2018506,2018,UTA,HOU,1680.905884,1750.133895,0.544169018,0.455830982,87,100,Houston,30,28,21,21,-290,23,25,17,22,235,211,6,A,5225,0,L ,107,98.25,85.25,0.472,54.375,0.535125,30.875,0.363125,22.5,0.688,83.5,0.431375,55.25,0.491,28.25,0.31175,22.375,0.784625,1297,2018506,2018,UTA,HOU,1680.905884,1750.133895,0.544169018,0.455830982,87,100,Houston,30,28,21,21,-290,23,25,17,22,235,211,6,A,5225,0,L ,100.75,102.875,84.125,0.4565,57.375,0.50575,26.75,0.354125,20.375,0.72425,84.125,0.427125,44.375,0.508375,39.75,0.3355,21.75,0.811125
1298,1299,1299,2018507,2018,CLE,TOR,1577.01491,1619.979801,0.581350666,0.418649334,128,93,Toronto,26,21,25,21,180,30,33,37,28,-220,213,-5,H,5226,5,W ,104.125,101.5,79.25,0.469,51.125,0.53375,28.125,0.354875,26.25,0.756125,80.125,0.48,55.5,0.53425,24.625,0.352875,20.375,0.779875,1299,2018507,2018,CLE,TOR,1577.01491,1619.979801,0.581350666,0.418649334,128,93,Toronto,26,21,25,21,180,30,33,37,28,-220,213,-5,H,5226,5,W ,109.875,102.75,84.125,0.48375,59.25,0.524125,24.875,0.398625,23.5,0.803,84.75,0.460125,57,0.524375,27.75,0.336375,19.375,0.81725
1299,1298,1298,2018507,2018,PHI,BOS,1639.066393,1597.103885,0.693642055,0.306357945,103,92,Boston,22,21,22,27,260,21,26,29,27,-330,206.5,-7,H,5227,8,W ,113.625,102.75,95,0.45025,63.75,0.50775,31.25,0.341,22.625,0.752,85.5,0.443375,53.625,0.5055,31.875,0.342625,23.125,0.68825,1298,2018507,2018,PHI,BOS,1639.066393,1597.103885,0.693642055,0.306357945,103,92,Boston,22,21,22,27,260,21,26,29,27,-330,206.5,-7,H,5227,8,W ,104.125,94.25,84,0.483375,56.375,0.54175,27.625,0.35625,19.125,0.723875,82.125,0.403625,52.5,0.46125,29.625,0.299625,23.875,0.77875
1300,1301,1301,2018508,2018,GSW,NOP,1640.458071,1590.165837,0.703735856,0.296264144,113,104,Neworleans,26,30,19,29,650,32,27,36,18,-1000,230.5,-12,H,5228,10,W ,115.25,104.75,87.75,0.505,58.375,0.567875,29.375,0.37925,19.75,0.794375,89.625,0.4455,61.625,0.50075,28,0.329375,18.75,0.824375,1301,2018508,2018,GSW,NOP,1640.458071,1590.165837,0.703735856,0.296264144,113,104,Neworleans,26,30,19,29,650,32,27,36,18,-1000,230.5,-12,H,5228,10,W ,109.625,111.25,94,0.4585,63,0.521875,31,0.315,18.625,0.72175,92.5,0.478875,63.875,0.517875,28.625,0.3895,15.875,0.750375
1301,1300,1300,2018508,2018,HOU,UTA,1763.80563,1667.234149,0.756126013,0.243873987,112,102,Utah,16,30,32,24,700,21,33,21,37,-1100,208,-11.5,H,5229,6,W ,107,100.375,84.5,0.452375,45.125,0.52575,39.375,0.372375,22.25,0.743375,81.875,0.45925,57.25,0.502125,24.625,0.358125,23,0.708625,1300,2018508,2018,HOU,UTA,1763.80563,1667.234149,0.756126013,0.243873987,112,102,Utah,16,30,32,24,700,21,33,21,37,-1100,208,-11.5,H,5229,6,W ,105.875,103.5,88.25,0.439,58,0.4655,30.25,0.383,21.375,0.788375,83,0.457375,53.5,0.511625,29.5,0.36225,24.125,0.705375
1302,1302,1302,2018509,2018,BOS,PHI,1591.045139,1645.125139,0.565702064,0.434297936,114,112,Philadelphia,24,28,30,30,105,25,36,22,31,-125,204.5,-1.5,H,5230,21,W ,110.75,101.125,86.375,0.466875,57.75,0.50925,28.625,0.37675,24.625,0.7705,83.625,0.459,56.375,0.5205,27.25,0.330125,21.875,0.728625,1302,2018509,2018,BOS,PHI,1591.045139,1645.125139,0.565702064,0.434297936,114,112,Philadelphia,24,28,30,30,105,25,36,22,31,-125,204.5,-1.5,H,5230,21,W ,109,113.125,85.875,0.441375,55.125,0.4595,30.75,0.400125,28.375,0.731625,86.5,0.472375,56,0.51725,30.5,0.3815,26.375,0.7495
1303,1303,1303,2018513,2018,BOS,CLE,1595.093361,1596.615483,0.638043918,0.361956082,108,83,Cleveland,18,17,29,19,-120,36,25,17,30,100,204.5,1,H,5231,2,W ,110.5,99.375,84.125,0.4745,54.75,0.51925,29.375,0.391375,24.375,0.77625,83,0.453125,57.5,0.513,25.5,0.315,22.375,0.741125,1303,2018513,2018,BOS,CLE,1595.093361,1596.615483,0.638043918,0.361956082,108,83,Cleveland,18,17,29,19,-120,36,25,17,30,100,204.5,1,H,5231,2,W ,110.5,107.25,87.125,0.495875,56.375,0.563375,30.75,0.37325,16.875,0.738,84.75,0.458,51,0.5225,33.75,0.3565,22.875,0.75575
1304,1304,1304,2018514,2018,HOU,GSW,1768.17943,1645.606612,0.78265944,0.21734056,106,119,GoldenState,29,27,31,32,110,30,26,24,26,-130,225.5,-1.5,A,5232,5,L ,108.25,103.5,86,0.4515,46.625,0.520625,39.375,0.372375,21.875,0.7545,81.25,0.4675,55.25,0.51575,26,0.367625,24.375,0.73825,1304,2018514,2018,HOU,GSW,1768.17943,1645.606612,0.78265944,0.21734056,106,119,GoldenState,29,27,31,32,110,30,26,24,26,-130,225.5,-1.5,A,5232,5,L ,107.75,104.875,89,0.4625,57.25,0.5225,31.75,0.359875,18.25,0.756625,87.25,0.4495,57.625,0.520125,29.625,0.319875,19.875,0.849
1305,1305,1305,2018515,2018,BOS,CLE,1607.958581,1583.750263,0.671505157,0.328494843,107,94,Cleveland,27,28,22,17,-110,23,25,36,23,-110,205,0,H,5233,2,W ,109.75,97.75,83.875,0.477,53.875,0.52925,30,0.378875,23.5,0.771375,82.625,0.45075,55.875,0.517375,26.75,0.30775,21.5,0.715625,1305,2018515,2018,BOS,CLE,1607.958581,1583.750263,0.671505157,0.328494843,107,94,Cleveland,27,28,22,17,-110,23,25,36,23,-110,205,0,H,5233,2,W ,107.375,102.75,86,0.488375,56.25,0.55225,29.75,0.36875,16.75,0.737125,83.875,0.45125,50.5,0.523,33.375,0.338,20.875,0.738375
1306,1306,1306,2018516,2018,HOU,GSW,1744.845037,1668.941005,0.733525735,0.266474265,127,105,GoldenState,21,29,29,26,110,26,38,31,32,-130,225.5,-2,H,5234,5,W ,111.375,103.125,87.5,0.456125,47.5,0.528875,40,0.37275,22.375,0.76475,80.5,0.475375,54.875,0.527875,25.625,0.36725,23,0.742,1306,2018516,2018,HOU,GSW,1744.845037,1668.941005,0.733525735,0.266474265,127,105,GoldenState,21,29,29,26,110,26,38,31,32,-130,225.5,-2,H,5234,5,W ,107.875,104.75,88.375,0.459125,55,0.532875,33.375,0.342875,19.75,0.76225,87.5,0.451125,57.75,0.523375,29.75,0.318625,19.625,0.8315
1307,1307,1307,2018519,2018,CLE,BOS,1576.427909,1615.280935,0.587100133,0.412899867,116,86,Boston,17,24,22,23,260,32,29,26,29,-330,207,-7,H,5235,0,W ,103.75,97.875,79.125,0.46175,50.125,0.52075,29,0.35725,26.5,0.762,77.625,0.4665,52.875,0.524375,24.75,0.333375,22.125,0.771,1307,2018519,2018,CLE,BOS,1576.427909,1615.280935,0.587100133,0.412899867,116,86,Boston,17,24,22,23,260,32,29,26,29,-330,207,-7,H,5235,0,W ,105.375,92.25,83.625,0.47625,54.25,0.52075,29.375,0.3875,20.25,0.73875,81.25,0.394,51.75,0.44975,29.5,0.29575,24.375,0.778
1308,1308,1308,2018520,2018,GSW,HOU,1660.760206,1753.025837,0.511128814,0.488871186,126,85,Houston,22,21,24,18,285,31,23,34,38,-355,226,-7.5,H,5236,3,W ,116.375,102,88.125,0.502875,58.25,0.569,29.875,0.372,20.875,0.80125,88.5,0.437875,60.125,0.493125,28.375,0.3255,18.375,0.811125,1308,2018520,2018,GSW,HOU,1660.760206,1753.025837,0.511128814,0.488871186,126,85,Houston,22,21,24,18,285,31,23,34,38,-355,226,-7.5,H,5236,3,W ,102.625,99.125,85.5,0.46,58.25,0.51025,27.25,0.35575,19.25,0.749625,84.375,0.416375,44.875,0.509,39.5,0.31,19.75,0.821
1309,1309,1309,2018521,2018,CLE,BOS,1593.641967,1598.066877,0.634176063,0.365823937,111,102,Boston,18,35,23,26,256,34,34,21,22,-315,204.5,-7,H,5237,4,W ,105.375,96.875,77.5,0.47575,48.625,0.5365,28.875,0.3695,26.625,0.772125,77.625,0.45475,52.75,0.514625,24.875,0.318,24.25,0.7515,1309,2018521,2018,CLE,BOS,1593.641967,1598.066877,0.634176063,0.365823937,111,102,Boston,18,35,23,26,256,34,34,21,22,-315,204.5,-7,H,5237,4,W ,107.25,95.25,82.25,0.485125,54.125,0.528375,28.125,0.393125,22.875,0.7355,82.5,0.403875,52.25,0.454875,30.25,0.318875,24.625,0.76225
1310,1310,1310,2018522,2018,GSW,HOU,1687.50544,1726.280603,0.587208782,0.412791218,92,95,Houston,19,34,17,25,344,28,18,34,12,-440,227.5,-8,A,5238,5,L ,112.875,98.125,88,0.484,58.875,0.546875,29.125,0.35675,21.25,0.837875,87.25,0.41625,57.5,0.47175,29.75,0.314125,19,0.821,1310,2018522,2018,GSW,HOU,1687.50544,1726.280603,0.587208782,0.412791218,92,95,Houston,19,34,17,25,344,28,18,34,12,-440,227.5,-8,A,5238,5,L ,101.625,100.625,86.5,0.447375,58,0.49625,28.5,0.35325,18.375,0.782375,84.375,0.422875,44,0.515125,40.375,0.32125,19.5,0.824
1311,1311,1311,2018523,2018,BOS,CLE,1591.450992,1600.257851,0.628304492,0.371695508,96,83,Cleveland,19,23,18,23,110,32,21,23,20,-130,204,-2,H,5239,3,W ,106.75,94.875,83.25,0.456,52.25,0.504,31,0.368125,24.125,0.809125,82.25,0.4285,53.375,0.504875,28.875,0.289375,21.75,0.743125,1311,2018523,2018,BOS,CLE,1591.450992,1600.257851,0.628304492,0.371695508,96,83,Cleveland,19,23,18,23,110,32,21,23,20,-130,204,-2,H,5239,3,W ,105.75,97.75,85.75,0.467875,54.875,0.524375,30.875,0.3645,18.125,0.78875,82.5,0.44475,50.5,0.526125,32,0.318375,19.75,0.71025
1312,1312,1312,2018524,2018,HOU,GSW,1733.184472,1680.60157,0.706477652,0.293522348,98,94,GoldenState,17,28,27,22,-115,23,22,26,27,-105,219.5,1,H,5240,16,W ,110.625,102.25,86.875,0.443875,46.125,0.50725,40.75,0.37675,23.5,0.78325,79.5,0.476125,53.5,0.528375,26,0.371875,22.375,0.748125,1312,2018524,2018,HOU,GSW,1733.184472,1680.60157,0.706477652,0.293522348,98,94,GoldenState,17,28,27,22,-115,23,22,26,27,-105,219.5,1,H,5240,16,W ,107.625,101.875,86.625,0.452625,52.25,0.526375,34.375,0.344875,21.75,0.774,85.25,0.441375,56.25,0.509875,29,0.316,20.625,0.856875
1313,1313,1313,2018525,2018,CLE,BOS,1591.768574,1599.940269,0.629157975,0.370842025,109,99,Boston,25,18,30,26,252,20,34,29,26,-310,202.5,-6.5,H,5241,1,W ,109,97,78.625,0.4865,51.125,0.5365,27.5,0.389,26.875,0.799375,77,0.462,52.125,0.524,24.875,0.3225,23.625,0.74525,1313,2018525,2018,CLE,BOS,1591.768574,1599.940269,0.629157975,0.370842025,109,99,Boston,25,18,30,26,252,20,34,29,26,-310,202.5,-6.5,H,5241,1,W ,106.75,95,82.75,0.48225,55.5,0.5295,27.25,0.3795,23.125,0.73775,80.875,0.42075,51.25,0.47925,29.625,0.32325,23.75,0.729125
1314,1314,1314,2018526,2018,GSW,HOU,1677.292776,1736.493267,0.558446801,0.441553199,115,86,Houston,39,22,16,9,755,22,29,33,31,-1200,214.5,-12.5,H,5242,6,W ,113.125,97.375,88.75,0.477875,57.625,0.54375,31.125,0.3525,20.875,0.838125,86.875,0.416625,55,0.47475,31.875,0.311125,18.125,0.788125,1314,2018526,2018,GSW,HOU,1677.292776,1736.493267,0.558446801,0.441553199,115,86,Houston,39,22,16,9,755,22,29,33,31,-1200,214.5,-12.5,H,5242,6,W ,103.625,98.25,86.125,0.456375,57.375,0.50025,28.75,0.371125,18.875,0.7595,83,0.42075,43.625,0.50375,39.375,0.326875,19.625,0.772875
1315,1315,1315,2018527,2018,BOS,CLE,1592.770166,1598.938678,0.631844395,0.368155605,79,87,Cleveland,18,21,20,28,140,26,17,13,23,-160,196.5,-3.5,A,5243,9,L ,105.125,94.875,85.25,0.446125,53.25,0.50125,32,0.350125,22.5,0.8075,79.625,0.439375,50.5,0.53625,29.125,0.287375,22.375,0.745625,1315,2018527,2018,BOS,CLE,1592.770166,1598.938678,0.631844395,0.368155605,79,87,Cleveland,18,21,20,28,140,26,17,13,23,-160,196.5,-3.5,A,5243,9,L ,104.125,97.375,87.25,0.45225,54.75,0.515,32.5,0.348375,18,0.780875,81.125,0.446375,48.75,0.544125,32.375,0.311375,20.875,0.7065
1316,1316,1316,2018528,2018,HOU,GSW,1718.249145,1695.536898,0.669602654,0.330397346,92,101,GoldenState,19,24,33,25,-265,24,30,15,23,218,208,6,A,5244,3,L ,109.375,104.625,86.125,0.44825,46.375,0.532,39.75,0.358125,23.625,0.761875,79.5,0.488625,50.875,0.546125,28.625,0.388375,21.5,0.721375,1316,2018528,2018,HOU,GSW,1718.249145,1695.536898,0.669602654,0.330397346,92,101,GoldenState,19,24,33,25,-265,24,30,15,23,218,208,6,A,5244,3,L ,104.25,104.625,86.625,0.436,51.125,0.525625,35.5,0.318375,22.875,0.75175,84.5,0.45875,53,0.533375,31.5,0.334375,20.375,0.81
1317,1317,1317,2018531,2018,GSW,CLE,1709.991499,1611.343253,0.758323721,0.241676279,124,114,Cleveland,30,26,22,29,664,29,27,28,23,-1000,218,-13,H,5245,15,W ,114.125,99,90.25,0.476,58.5,0.551,31.75,0.337125,20.875,0.838125,88.625,0.420625,55.625,0.47525,33,0.327,17.125,0.7665,1317,2018531,2018,GSW,CLE,1709.991499,1611.343253,0.758323721,0.241676279,124,114,Cleveland,30,26,22,29,664,29,27,28,23,-1000,218,-13,H,5245,15,W ,107.125,98.625,86.875,0.462375,54,0.533,32.875,0.348,18.875,0.82275,83.75,0.44575,51,0.54725,32.75,0.301,20.375,0.691625
1318,1318,1318,2018603,2018,GSW,CLE,1714.319671,1607.015081,0.767338093,0.232661907,122,103,Cleveland,28,18,34,23,447,32,27,31,32,-600,216,-11.5,H,5246,0,W ,117,100.5,90.125,0.491875,57.25,0.566625,32.875,0.366125,20.375,0.8155,89.125,0.4255,56.5,0.475,32.625,0.3395,17.625,0.749,1318,2018603,2018,GSW,CLE,1714.319671,1607.015081,0.767338093,0.232661907,122,103,Cleveland,28,18,34,23,447,32,27,31,32,-600,216,-11.5,H,5246,0,W ,107.25,100.625,86.25,0.463625,52.625,0.5455,33.625,0.337625,19.75,0.82875,85.125,0.444875,53.75,0.53875,31.375,0.303125,21.625,0.717375
1319,1319,1319,2018606,2018,CLE,GSW,1600.705626,1720.629126,0.471359166,0.528640834,102,110,GoldenState,28,24,31,27,-150,29,29,23,21,130,216,3,A,5247,11,L ,109.25,98.625,81,0.4775,53.125,0.52775,27.875,0.376125,26.25,0.80975,77.375,0.461125,52,0.520875,25.375,0.331625,24.5,0.763375,1319,2018606,2018,CLE,GSW,1600.705626,1720.629126,0.471359166,0.528640834,102,110,GoldenState,28,24,31,27,-150,29,29,23,21,130,216,3,A,5247,11,L ,104.875,104.625,87.25,0.43725,52,0.519625,35.25,0.328125,22.5,0.747375,84.375,0.459625,53.625,0.528375,30.75,0.3385,20.5,0.81075
1320,1320,1320,2018608,2018,CLE,GSW,1592.280677,1729.054075,0.447275562,0.552724438,85,108,GoldenState,34,27,25,22,-180,25,27,13,20,155,216.5,4.5,A,5248,8,L ,107.625,100.25,82.5,0.469,55.25,0.512625,27.25,0.374,26,0.774375,79.25,0.457875,51.625,0.517375,27.625,0.340125,23.125,0.791125,1320,2018608,2018,CLE,GSW,1592.280677,1729.054075,0.447275562,0.552724438,85,108,GoldenState,34,27,25,22,-180,25,27,13,20,155,216.5,4.5,A,5248,8,L ,102.625,106.875,88,0.42325,52.875,0.513625,35.125,0.298125,23.25,0.74025,83.875,0.469,51.875,0.539125,32,0.35325,20.375,0.8255